{
  "id": "708256824267920",
  "name": "Gary Larson",
  "picture": {
    "data": {
      "height": 50,
      "is_silhouette": false,
      "url": "https://platform-lookaside.fbsbx.com/platform/profilepic/?asid=708256824267920&height=50&width=50&ext=1677389444&hash=AeTkzSG9ewc0wZk0HJI",
      "width": 50
    }
  },
  "email": "gary.larson.dev@gmail.com",
  "location": {
    "id": "110843418940484",
    "name": "Seattle, Washington"
  },
  "posts": {
    "data": [
      {
        "message": "do not accept friend frequents from any new account of mine",
        "created_time": "2022-11-11T01:12:21+0000",
        "id": "708256824267920_654534962973440"
      },
      {
        "created_time": "2022-08-23T06:50:00+0000",
        "id": "708256824267920_597419382018332"
      },
      {
        "created_time": "2022-08-23T06:44:27+0000",
        "id": "708256824267920_597417118685225"
      },
      {
        "created_time": "2022-08-23T06:44:03+0000",
        "id": "708256824267920_597417002018570"
      },
      {
        "created_time": "2021-02-10T22:13:03+0000",
        "id": "708256824267920_237759094651031"
      },
      {
        "created_time": "2021-02-10T22:00:30+0000",
        "id": "708256824267920_237754314651509"
      },
      {
        "created_time": "2020-09-15T19:48:40+0000",
        "id": "708256824267920_153149549778653"
      },
      {
        "message": "Always look forward more than you look back. You always end up where your looking",
        "created_time": "2020-06-25T19:49:27+0000",
        "id": "708256824267920_115888450171430"
      },
      {
        "created_time": "2020-06-23T08:31:26+0000",
        "id": "708256824267920_112838033809805"
      },
      {
        "created_time": "2020-06-23T08:18:13+0000",
        "id": "708256824267920_112829820477293"
      }
    ],
    "paging": {
      "previous": "https://graph.facebook.com/v15.0/708256824267920/posts?accesstoken",
      "next": "https://graph.facebook.com/v15.0/708256824267920/posts?access_token=accessToken&__previous"
    }
  },
  "likes": {
    "data": [
      {
        "name": "Coin Master",
        "id": "1656666294606851",
        "created_time": "2022-10-23T02:01:48+0000"
      },
      {
        "name": "Be like Jesus Ministries",
        "id": "184740178831347",
        "created_time": "2022-09-13T06:09:20+0000"
      },
      {
        "name": "Post-Prison Education Program",
        "id": "252730525973",
        "created_time": "2020-06-24T19:38:41+0000"
      },
      {
        "name": "HAVOC",
        "id": "435103316559495",
        "created_time": "2020-06-23T16:18:24+0000"
      }
    ],
    "paging": {
      "cursors": {
        "before": "MTY1NjY2NjI5NDYwNjg1MQZDZD",
        "after": "NDM1MTAzMzE2NTU5NDk1"
      }
    }
  },
  "groups": {
    "data": [
      {
        "name": "Coin Master Trading Group",
        "id": "654305044707245"
      }
    ],
    "paging": {
      "cursors": {
        "before": "QVFIUnVYSXhKVkVnZAjc3eGJOZAjZAtOGk4cDBFbmVjakxwaHM5UDdLRXJNTmpvN2N4TnJtVXFpeE9TbjE3ZAlBEOGt4X01tNFQ0TTJBMDNGSkRLSWFLRlpYeTdB",
        "after": "QVFIUnVYSXhKVkVnZAjc3eGJOZAjZAtOGk4cDBFbmVjakxwaHM5UDdLRXJNTmpvN2N4TnJtVXFpeE9TbjE3ZAlBEOGt4X01tNFQ0TTJBMDNGSkRLSWFLRlpYeTdB"
      }
    }
  },
  "friends": {
    "data": [
      
    ]
  }
}