{
  "data": [
    {
      "id": "936DA01F-9ABD-4D9D-80C7-02AF85C822A8",
      "first_name": "Jane",
      "last_name": "Doe",
      "email": "jane.doe@example.com",
      "political_affiliation": "Liberal",
      "political_intensity": 10,
      "religious_affiliation": "Atheist",
      "religious_intensity": 1,
      "social_issue_views": {
        "climate_change": "Pro-action",
        "immigration": "Pro-immigration",
        "healthcare": "Pro-universal healthcare"
      },
      "social_issue_post_date": {
        "climate_change": "2022-04-12",
        "immigration": "2022-04-13",
        "healthcare": "2022-04-14"
      },
      "social_issue_view_intensity": {
        "climate_change": 10,
        "immigration": 10,
        "healthcare": 10
      },
      "social_mate_preference": {
        "political_affiliation": "Liberal",
        "religious_affiliation": "Atheist",
        "gender": "I"
      },
      "gender": "TM",
      "age": 30,
      "location": "New York, NY",
      "education": "Bachelor's degree in Computer Science",
      "occupation": "Software Engineer",
      "hobbies": ["Programming", "Reading", "Hiking"]
    },
    {
      "id": "7C4A8D09-E2F8-496E-AFCE-DA96A76E31A3",
      "first_name": "John",
      "last_name": "Smith",
      "email": "john.smith@example.com",
      "political_affiliation": "Conservative",
      "political_intensity": 1,
      "religious_affiliation": "Christian",
      "religious_intensity": 10,
      "social_issue_views": {
        "climate_change": "Skeptical",
        "immigration": "Anti-immigration",
        "healthcare": "Pro-market healthcare"
      },
      "social_issue_post_date": {
        "climate_change": "2021-04-12",
        "immigration": "2021-04-13",
        "healthcare": "2021-04-14"
      },
      "social_issue_view_intensity": {
        "climate_change": 1,
        "immigration": 1,
        "healthcare": 1
      },
      "social_mate_preference": {
        "political_affiliation": "Conservative",
        "religious_affiliation": "Christian",
        "gender": "F"
      },
      "gender": "TF",
      "age": 25,
      "location": "Los Angeles, CA",
      "education": "Associate's degree in Business",
      "occupation": "Entrepreneur",
      "hobbies": ["Surfing", "Yoga", "Cooking"]
    },
    {
      "id": "A1B2C3D4-E5F6-G7H8-I9J0-K1L2M3N4O5",
      "first_name": "Emily",
      "last_name": "Johnson",
      "email": "emily.johnson@example.com",
      "political_affiliation": "Independent",
      "political_intensity": 5,
      "religious_affiliation": "Buddhist",
      "religious_intensity": 7,
      "social_issue_views": {
        "climate_change": "Pro-action",
        "immigration": "Pro-immigration",
        "healthcare": "Pro-universal healthcare"
      },
      "social_issue_post_date": {
        "climate_change": "2022-04-15",
        "immigration": "2022-04-16",
        "healthcare": "2022-04-17"
      },
      "social_issue_view_intensity": {
        "climate_change": 9,
        "immigration": 8,
        "healthcare": 7
      },
      "social_mate_preference": {
        "political_affiliation": "Independent",
        "religious_affiliation": "Buddhist",
        "gender": "M"
      },
      "gender": "F",
      "age": 28,
      "location": "Chicago, IL",
      "education": "Master's degree in Education",
      "occupation": "Teacher",
      "hobbies": ["Painting", "Traveling", "Gardening"]
    },
    {
      "id": "P1Q2R3S4-T5U6-V7W8-X9Y0-Z1A2B3C4D5",
      "first_name": "Michael",
      "last_name": "Brown",
      "email": "michael.brown@example.com",
      "political_affiliation": "Conservative",
      "political_intensity": 9,
      "religious_affiliation": "Jewish",
      "religious_intensity": 8,
      "social_issue_views": {
        "climate_change": "Skeptical",
        "immigration": "Anti-immigration",
        "healthcare": "Pro-market healthcare"
      },
      "social_issue_post_date": {
        "climate_change": "2021-04-15",
        "immigration": "2021-04-16",
        "healthcare": "2021-04-17"
      },
      "social_issue_view_intensity": {
        "climate_change": 1,
        "immigration": 2,
        "healthcare": 3
      },
      "social_mate_preference": {
        "political_affiliation": "Conservative",
        "religious_affiliation": "Jewish",
        "gender": "F"
      },
      "gender": "TF",
      "age": 32,
      "location": "Houston, TX",
      "education": "Doctorate degree in Physics",
      "occupation": "Research Scientist",
      "hobbies": [
        "Astronomy, Sudoku, Beer Pong"
      ]
    },
    {
      "id": "936DA01F-9ABD-4D9D-80C7-02AF85C822A8",
      "first_name": "Jane",
      "last_name": "Doe",
      "email": "jane.doe@example.com",
      "political_affiliation": "Liberal",
      "political_intensity": 6,
      "religious_affiliation": "Atheist",
      "religious_intensity": 4,
      "social_issue_views": {
        "climate_change": "Pro-action",
        "immigration": "Pro-immigration",
        "healthcare": "Pro-universal healthcare"
      },
      "social_issue_post_date": {
        "climate_change": "2023-01-12",
        "immigration": "2023-01-13",
        "healthcare": "2023-01-14"
      },
      "social_issue_view_intensity": {
        "climate_change": 1,
        "immigration": 10,
        "healthcare": 5
      },
      "social_mate_preference": {
        "political_affiliation": "Liberal",
        "religious_affiliation": "Atheist",
        "gender": "I"
      },
      "gender": "TM",
      "age": 30,
      "location": "New York, NY",
      "education": "Bachelor's degree in Computer Science",
      "occupation": "Software Engineer",
      "hobbies": ["Programming", "Reading", "Hiking"]
    }
  ]
}
